episode_index,frame_index,replay_time_s,x_m,y_m,z_m,gripper_command_m,gripper_command_mm,gripper_source
4,0,0.0,0.46533289696317687,0.030950875278615494,0.15819686561852675,0.04845714569091797,48.45714569091797,observation.state.box_gripper.distance_m
4,1,0.01666666753590107,0.4649717829746342,0.030758621424833977,0.1584839224543686,0.04845714569091797,48.45714569091797,observation.state.box_gripper.distance_m
4,2,0.03333333507180214,0.4647366536112231,0.030640974010508734,0.15890320915541253,0.04845714569091797,48.45714569091797,observation.state.box_gripper.distance_m
4,3,0.05000000074505806,0.46440736344444306,0.030534703292929222,0.15944061106419133,0.04845714569091797,48.45714569091797,observation.state.box_gripper.distance_m
4,4,0.06666667014360428,0.46401493587469217,0.030535415499261902,0.16011102072034955,0.04845714569091797,48.45714569091797,observation.state.box_gripper.distance_m
4,5,0.0833333358168602,0.4634665106871906,0.030538097540799804,0.16093391735411336,0.04845714569091797,48.45714569091797,observation.state.box_gripper.distance_m
4,6,0.10000000149011612,0.4638663893413856,0.030688229997733848,0.16242048479142468,0.04845714569091797,48.45714569091797,observation.state.box_gripper.distance_m
4,7,0.11666666716337204,0.4641643887937691,0.030784594749350688,0.16406386348604748,0.04845714569091797,48.45714569091797,observation.state.box_gripper.distance_m
4,8,0.13333334028720856,0.4642953371292044,0.030740386671276015,0.16583412756184585,0.04845714569091797,48.45714569091797,observation.state.box_gripper.distance_m
4,9,0.15000000596046448,0.4647036320539049,0.03063510244061028,0.16786700994383533,0.04845714569091797,48.45714569091797,observation.state.box_gripper.distance_m
4,10,0.1666666716337204,0.46525869916852364,0.03040569793844478,0.17009233102481733,0.04845714569091797,48.45714569091797,observation.state.box_gripper.distance_m
4,11,0.18333333730697632,0.46563370627914186,0.0300486427221143,0.17235169918444826,0.04845714569091797,48.45714569091797,observation.state.box_gripper.distance_m
4,12,0.20000000298023224,0.46590305094496104,0.02957108419056103,0.17462789936108272,0.04845714569091797,48.45714569091797,observation.state.box_gripper.distance_m
4,13,0.21666666865348816,0.466881982416161,0.02917700907141819,0.17724657378393843,0.04845714569091797,48.45714569091797,observation.state.box_gripper.distance_m
4,14,0.23333333432674408,0.46845823097262834,0.028843879113023,0.1801700373727196,0.04845714569091797,48.45714569091797,observation.state.box_gripper.distance_m
4,15,0.25,0.4702649139975248,0.028503987182056392,0.18319817033745048,0.04845714569091797,48.45714569091797,observation.state.box_gripper.distance_m
4,16,0.2666666805744171,0.47139428457051585,0.028037937467275436,0.18595994348789882,0.04845714569091797,48.45714569091797,observation.state.box_gripper.distance_m
4,17,0.28333333134651184,0.4730473330602488,0.02755541424891018,0.1889127059606723,0.04845714569091797,48.45714569091797,observation.state.box_gripper.distance_m
4,18,0.30000001192092896,0.47525746044172174,0.02704986403143603,0.19210079500867047,0.04845714569091797,48.45714569091797,observation.state.box_gripper.distance_m
4,19,0.3166666626930237,0.47700055587204004,0.026416709962879616,0.19508519193931212,0.04845714569091797,48.45714569091797,observation.state.box_gripper.distance_m
4,20,0.3333333432674408,0.4789480049888539,0.02573796058231502,0.19809553385546855,0.04845714569091797,48.45714569091797,observation.state.box_gripper.distance_m
4,21,0.3499999940395355,0.48142738785592426,0.025094448393180573,0.2012532033487002,0.04845714569091797,48.45714569091797,observation.state.box_gripper.distance_m
4,22,0.36666667461395264,0.48381138310873734,0.024486680115894735,0.20430799236504132,0.04845714569091797,48.45714569091797,observation.state.box_gripper.distance_m
4,23,0.38333332538604736,0.48634230928609296,0.023927477686797195,0.20731385653462955,0.04845714569091797,48.45714569091797,observation.state.box_gripper.distance_m
4,24,0.4000000059604645,0.4887303442603628,0.023389532323654965,0.21017612593176382,0.04845714569091797,48.45714569091797,observation.state.box_gripper.distance_m
4,25,0.4166666567325592,0.4910251970384575,0.02286637054315566,0.21291017051778247,0.04845714569091797,48.45714569091797,observation.state.box_gripper.distance_m
4,26,0.4333333373069763,0.4935955597049398,0.022422636642876796,0.21564688170496538,0.04845714569091797,48.45714569091797,observation.state.box_gripper.distance_m
4,27,0.44999998807907104,0.4964295994358864,0.02202734869317897,0.21838215547027517,0.04845714569091797,48.45714569091797,observation.state.box_gripper.distance_m
4,28,0.46666666865348816,0.4990103845914038,0.02164064332818337,0.2209406396628566,0.04845714569091797,48.45714569091797,observation.state.box_gripper.distance_m
4,29,0.4833333194255829,0.5015734695411626,0.02130757572665989,0.22339080480469167,0.04845714569091797,48.45714569091797,observation.state.box_gripper.distance_m
4,30,0.5,0.5044143769039198,0.021059246971689365,0.2258480504875752,0.04845714569091797,48.45714569091797,observation.state.box_gripper.distance_m
4,31,0.5166666507720947,0.506957217246604,0.02087100317271936,0.22809986843399574,0.04845714569091797,48.45714569091797,observation.state.box_gripper.distance_m
4,32,0.5333333611488342,0.5097696331836007,0.020788017418524277,0.23035183686746752,0.04845714569091797,48.45714569091797,observation.state.box_gripper.distance_m
4,33,0.550000011920929,0.5123134849432,0.02074329015906647,0.23243783593117065,0.04845714569091797,48.45714569091797,observation.state.box_gripper.distance_m
4,34,0.5666666626930237,0.5153263087973817,0.020796008505650613,0.23462858334430015,0.04845714569091797,48.45714569091797,observation.state.box_gripper.distance_m
4,35,0.5833333134651184,0.5178719905217049,0.02084101383414209,0.23655526460772006,0.04845714569091797,48.45714569091797,observation.state.box_gripper.distance_m
4,36,0.6000000238418579,0.5203150131006329,0.020867580502946854,0.23836871072611227,0.04845714569091797,48.45714569091797,observation.state.box_gripper.distance_m
4,37,0.6166666746139526,0.5230116302115996,0.020952327846369006,0.24022305630952487,0.04845714569091797,48.45714569091797,observation.state.box_gripper.distance_m
4,38,0.6333333253860474,0.5259295231838069,0.021177053304754005,0.2421039957143879,0.04845714569091797,48.45714569091797,observation.state.box_gripper.distance_m
4,39,0.6499999761581421,0.5288682256025352,0.021503137862332027,0.24394518617468608,0.04845714569091797,48.45714569091797,observation.state.box_gripper.distance_m
4,40,0.6666666865348816,0.5321069732033133,0.021960406042024032,0.24585865010117383,0.04845714569091797,48.45714569091797,observation.state.box_gripper.distance_m
4,41,0.6833333373069763,0.5349044861940973,0.022483516643037136,0.24751892106751622,0.04845714569091797,48.45714569091797,observation.state.box_gripper.distance_m
4,42,0.699999988079071,0.5382155989711388,0.023123659877989883,0.24935417337689403,0.04845714569091797,48.45714569091797,observation.state.box_gripper.distance_m
4,43,0.7166666388511658,0.5410610584891049,0.0237106210081239,0.2509083031607174,0.04845714569091797,48.45714569091797,observation.state.box_gripper.distance_m
4,44,0.7333333492279053,0.5441376319279264,0.024201372589059352,0.25246221893277615,0.04845714569091797,48.45714569091797,observation.state.box_gripper.distance_m
4,45,0.75,0.5471964969763746,0.024610206413626705,0.2539419427531217,0.04845714569091797,48.45714569091797,observation.state.box_gripper.distance_m
4,46,0.7666666507720947,0.550078988568065,0.025121206430687177,0.25526550494464406,0.04845714569091797,48.45714569091797,observation.state.box_gripper.distance_m
4,47,0.7833333611488342,0.5531798296987827,0.025584103492320848,0.25659342493312987,0.04845714569091797,48.45714569091797,observation.state.box_gripper.distance_m
4,48,0.800000011920929,0.5565362908923341,0.026093636519677426,0.2579515558414975,0.04845714569091797,48.45714569091797,observation.state.box_gripper.distance_m
4,49,0.8166666626930237,0.5599019076889337,0.02653745831518276,0.259226447486668,0.04845714569091797,48.45714569091797,observation.state.box_gripper.distance_m
4,50,0.8333333134651184,0.5634347534320618,0.02700359144690114,0.2604476662006949,0.04845714569091797,48.45714569091797,observation.state.box_gripper.distance_m
4,51,0.8500000238418579,0.5669396163975626,0.02750556670358396,0.26150579312384375,0.04845714569091797,48.45714569091797,observation.state.box_gripper.distance_m
4,52,0.8666666746139526,0.570183356787882,0.027988148194570964,0.26227348030629594,0.04845714569091797,48.45714569091797,observation.state.box_gripper.distance_m
4,53,0.8833333253860474,0.5736558574307865,0.028459909110867522,0.2629666383523418,0.04845714569091797,48.45714569091797,observation.state.box_gripper.distance_m
4,54,0.8999999761581421,0.577250326337189,0.028855244707704612,0.2635380051450612,0.04845714569091797,48.45714569091797,observation.state.box_gripper.distance_m
4,55,0.9166666865348816,0.5804878743056013,0.02918173286095119,0.2637706248924118,0.04845714569091797,48.45714569091797,observation.state.box_gripper.distance_m
4,56,0.9333333373069763,0.5835132753960307,0.02943468998540725,0.26376430059823075,0.04845714569091797,48.45714569091797,observation.state.box_gripper.distance_m
4,57,0.949999988079071,0.5873305393521989,0.029753010473524008,0.2640171618054305,0.04845714569091797,48.45714569091797,observation.state.box_gripper.distance_m
4,58,0.9666666388511658,0.5913791872650513,0.03002925991743658,0.26429525643244534,0.04845714569091797,48.45714569091797,observation.state.box_gripper.distance_m
4,59,0.9833333492279053,0.5947863874408333,0.030062178205973927,0.26414268307048944,0.04845714569091797,48.45714569091797,observation.state.box_gripper.distance_m
4,60,1.0,0.5976612343442091,0.02987755540419006,0.2636666284997341,0.04845714569091797,48.45714569091797,observation.state.box_gripper.distance_m
4,61,1.0166666507720947,0.6012991647405566,0.029738309635587826,0.26349766915096673,0.04845714569091797,48.45714569091797,observation.state.box_gripper.distance_m
4,62,1.0333333015441895,0.6044719612203824,0.02943397248384367,0.26306601933119284,0.04845714569091797,48.45714569091797,observation.state.box_gripper.distance_m
4,63,1.0499999523162842,0.6071386177483217,0.028968067070911575,0.2623543751397616,0.04845714569091797,48.45714569091797,observation.state.box_gripper.distance_m
4,64,1.0666667222976685,0.610657872026587,0.028626147780432657,0.262021796314791,0.04845714569091797,48.45714569091797,observation.state.box_gripper.distance_m
4,65,1.0833333730697632,0.6137104429747003,0.0281887959721639,0.261433080389065,0.04845714569091797,48.45714569091797,observation.state.box_gripper.distance_m
4,66,1.100000023841858,0.6165038863470107,0.027644970973168165,0.26062636309073645,0.04845714569091797,48.45714569091797,observation.state.box_gripper.distance_m
4,67,1.1166666746139526,0.6191782110136443,0.026971881019455676,0.259658128424838,0.04845714569091797,48.45714569091797,observation.state.box_gripper.distance_m
4,68,1.1333333253860474,0.6216429176197367,0.026249211367462624,0.2584946749484292,0.04845714569091797,48.45714569091797,observation.state.box_gripper.distance_m
4,69,1.149999976158142,0.6239702167336962,0.02546243779404045,0.25718744463631027,0.04845714569091797,48.45714569091797,observation.state.box_gripper.distance_m
4,70,1.1666666269302368,0.6261520797702727,0.024647370022495896,0.2557721655683338,0.04845714569091797,48.45714569091797,observation.state.box_gripper.distance_m
4,71,1.1833332777023315,0.627799701212007,0.02392505749743347,0.2541255929922334,0.04845714569091797,48.45714569091797,observation.state.box_gripper.distance_m
4,72,1.2000000476837158,0.6302647845738549,0.02343479768559384,0.2529779371584131,0.04845714569091797,48.45714569091797,observation.state.box_gripper.distance_m
4,73,1.2166666984558105,0.6321299817202135,0.02279607161428964,0.2516725863485564,0.04845714569091797,48.45714569091797,observation.state.box_gripper.distance_m
4,74,1.2333333492279053,0.6341575975694248,0.022188080437731038,0.25041426096485114,0.04845714569091797,48.45714569091797,observation.state.box_gripper.distance_m
4,75,1.25,0.6351790225676269,0.02128596163302434,0.24869049227784282,0.04845714569091797,48.45714569091797,observation.state.box_gripper.distance_m
4,76,1.2666666507720947,0.6365830641902311,0.0203933429399187,0.2471360982228874,0.04845714569091797,48.45714569091797,observation.state.box_gripper.distance_m
4,77,1.2833333015441895,0.6382931730224769,0.019566910233431548,0.24573522506155376,0.04845714569091797,48.45714569091797,observation.state.box_gripper.distance_m
4,78,1.2999999523162842,0.6400284427994702,0.01882941995677763,0.24439837558119662,0.04845714569091797,48.45714569091797,observation.state.box_gripper.distance_m
4,79,1.3166667222976685,0.6422942051566681,0.018181834578255767,0.24330395499546348,0.04845714569091797,48.45714569091797,observation.state.box_gripper.distance_m
4,80,1.3333333730697632,0.6436322917577258,0.017402033626608252,0.2417789190407063,0.04845714569091797,48.45714569091797,observation.state.box_gripper.distance_m
4,81,1.350000023841858,0.6454902405905077,0.016766129400765998,0.24044312368473172,0.04845714569091797,48.45714569091797,observation.state.box_gripper.distance_m
4,82,1.3666666746139526,0.6465679709320954,0.01609854880074911,0.2387802554487001,0.04845714569091797,48.45714569091797,observation.state.box_gripper.distance_m
4,83,1.3833333253860474,0.6482975866666756,0.01558852447003423,0.23743210724523736,0.04845714569091797,48.45714569091797,observation.state.box_gripper.distance_m
4,84,1.399999976158142,0.6496022398469494,0.015044444292805822,0.23599442316337205,0.04845714569091797,48.45714569091797,observation.state.box_gripper.distance_m
4,85,1.4166666269302368,0.6502124167973131,0.014447677598438843,0.2343916447159228,0.04845714569091797,48.45714569091797,observation.state.box_gripper.distance_m
4,86,1.4333332777023315,0.6516110333863985,0.014050570084154343,0.23327124260284343,0.04845714569091797,48.45714569091797,observation.state.box_gripper.distance_m
4,87,1.4500000476837158,0.6525444212708505,0.013672070960750874,0.2321086277137024,0.04845714569091797,48.45714569091797,observation.state.box_gripper.distance_m
4,88,1.4666666984558105,0.6534461836873088,0.013285538215606735,0.2310149556315671,0.04845714569091797,48.45714569091797,observation.state.box_gripper.distance_m
4,89,1.4833333492279053,0.6543340682266895,0.012929584743355389,0.230000150302878,0.04845714569091797,48.45714569091797,observation.state.box_gripper.distance_m
4,90,1.5,0.6551821982217892,0.012601525185735209,0.2290513851241578,0.04845714569091797,48.45714569091797,observation.state.box_gripper.distance_m
4,91,1.5166666507720947,0.6561117712154829,0.012319764341555742,0.228170000706109,0.04845714569091797,48.45714569091797,observation.state.box_gripper.distance_m
4,92,1.5333333015441895,0.6567886585881761,0.012042349082429618,0.22719876625422789,0.04845714569091797,48.45714569091797,observation.state.box_gripper.distance_m
4,93,1.5499999523162842,0.657372977947819,0.011851162871500466,0.2261032114785171,0.04845714569091797,48.45714569091797,observation.state.box_gripper.distance_m
4,94,1.5666667222976685,0.6582139283441476,0.011773198827389735,0.2249794724917825,0.04845714569091797,48.45714569091797,observation.state.box_gripper.distance_m
4,95,1.5833333730697632,0.6588198916765586,0.011721066458888334,0.2237477356239447,0.04845714569091797,48.45714569091797,observation.state.box_gripper.distance_m
4,96,1.600000023841858,0.6593638571938841,0.01164645496399701,0.2224941903371375,0.04845714569091797,48.45714569091797,observation.state.box_gripper.distance_m
4,97,1.6166666746139526,0.6597090630808082,0.011541967727016092,0.2212165951949665,0.04845714569091797,48.45714569091797,observation.state.box_gripper.distance_m
4,98,1.6333333253860474,0.6603726145213067,0.011512034827286625,0.22006035173577823,0.04845714569091797,48.45714569091797,observation.state.box_gripper.distance_m
4,99,1.649999976158142,0.6608273996437801,0.01149164550495866,0.2189546396648481,0.04845714569091797,48.45714569091797,observation.state.box_gripper.distance_m
4,100,1.6666666269302368,0.6613062602468479,0.01151484079926595,0.21797464138526154,0.04845714569091797,48.45714569091797,observation.state.box_gripper.distance_m
4,101,1.6833332777023315,0.661376626720102,0.01154274518016361,0.21700134637173996,0.04845714569091797,48.45714569091797,observation.state.box_gripper.distance_m
4,102,1.7000000476837158,0.6619032073443273,0.011685171841171228,0.2162553874218636,0.04845714569091797,48.45714569091797,observation.state.box_gripper.distance_m
4,103,1.7166666984558105,0.662450153616546,0.011868154250301143,0.21562917348471022,0.04845714569091797,48.45714569091797,observation.state.box_gripper.distance_m
4,104,1.7333333492279053,0.662560581621221,0.0120647199334107,0.21499503196994624,0.04845714569091797,48.45714569091797,observation.state.box_gripper.distance_m
4,105,1.75,0.6629473174112177,0.012338489989773027,0.21455140236179032,0.04845714569091797,48.45714569091797,observation.state.box_gripper.distance_m
4,106,1.7666666507720947,0.6632755444472428,0.0126324890472715,0.2141848012945107,0.04845714569091797,48.45714569091797,observation.state.box_gripper.distance_m
4,107,1.7833333015441895,0.6635995347938597,0.012940055565713558,0.21390784635276136,0.04845714569091797,48.45714569091797,observation.state.box_gripper.distance_m
4,108,1.7999999523162842,0.6638390031522524,0.01323946300843084,0.21369229591863007,0.04845714569091797,48.45714569091797,observation.state.box_gripper.distance_m
4,109,1.8166667222976685,0.6639550880411321,0.013478351726388433,0.21352673925526777,0.04845714569091797,48.45714569091797,observation.state.box_gripper.distance_m
4,110,1.8333333730697632,0.664054950026395,0.013632140793134493,0.21342337291034694,0.04845714569091797,48.45714569091797,observation.state.box_gripper.distance_m
4,111,1.850000023841858,0.6643281545363817,0.013798433898743067,0.21336918626610718,0.04845714569091797,48.45714569091797,observation.state.box_gripper.distance_m
4,112,1.8666666746139526,0.6645295248347678,0.01391585042616487,0.21325719577870747,0.04845714569091797,48.45714569091797,observation.state.box_gripper.distance_m
4,113,1.8833333253860474,0.664639094907487,0.013961399101912249,0.2130547841720285,0.04845714569091797,48.45714569091797,observation.state.box_gripper.distance_m
4,114,1.899999976158142,0.6641801345613303,0.01392066225984132,0.21261509599693473,0.04845714569091797,48.45714569091797,observation.state.box_gripper.distance_m
4,115,1.9166666269302368,0.6642572330759291,0.01394411660353534,0.21238973554035787,0.04845714569091797,48.45714569091797,observation.state.box_gripper.distance_m
4,116,1.9333332777023315,0.664516143084323,0.014097514094897273,0.21227078907987088,0.04845714569091797,48.45714569091797,observation.state.box_gripper.distance_m
4,117,1.9500000476837158,0.6649313333339989,0.01439404391477092,0.21223685087294641,0.04845714569091797,48.45714569091797,observation.state.box_gripper.distance_m
4,118,1.9666666984558105,0.6659987105570908,0.014820705949783476,0.21241933072310282,0.04845714569091797,48.45714569091797,observation.state.box_gripper.distance_m
4,119,1.9833333492279053,0.6661986591080198,0.015064156951756705,0.21223071691416445,0.04845714569091797,48.45714569091797,observation.state.box_gripper.distance_m
4,120,2.0,0.6662852208027815,0.015212616640343755,0.21195437852685126,0.04845714569091797,48.45714569091797,observation.state.box_gripper.distance_m
4,121,2.0166666507720947,0.6662648336505175,0.01530193643712795,0.21161765490632067,0.04845714569091797,48.45714569091797,observation.state.box_gripper.distance_m
4,122,2.0333333015441895,0.6660879176278721,0.01548804194735719,0.21123145184969663,0.04845714569091797,48.45714569091797,observation.state.box_gripper.distance_m
4,123,2.049999952316284,0.6661364589313997,0.015754411005015245,0.21093150743551214,0.04845714569091797,48.45714569091797,observation.state.box_gripper.distance_m
4,124,2.066666603088379,0.666070507770023,0.01596909422452339,0.21061238147489555,0.04845714569091797,48.45714569091797,observation.state.box_gripper.distance_m
4,125,2.0833332538604736,0.6658266863907758,0.016140518372126104,0.2102563040956123,0.04845714569091797,48.45714569091797,observation.state.box_gripper.distance_m
4,126,2.0999999046325684,0.6657523706171371,0.016261512573233466,0.20998751279591377,0.04845714569091797,48.45714569091797,observation.state.box_gripper.distance_m
4,127,2.116666555404663,0.6655314463067636,0.01631974879038111,0.20976777281579675,0.04845714569091797,48.45714569091797,observation.state.box_gripper.distance_m
4,128,2.133333444595337,0.6652417006897391,0.016343596420630904,0.20964500149264512,0.04845714569091797,48.45714569091797,observation.state.box_gripper.distance_m
4,129,2.1500000953674316,0.6653413395203962,0.016348406383336612,0.2097360326710844,0.04845714569091797,48.45714569091797,observation.state.box_gripper.distance_m
4,130,2.1666667461395264,0.6651835647574873,0.016359457188720665,0.20976402944942577,0.04845714569091797,48.45714569091797,observation.state.box_gripper.distance_m
4,131,2.183333396911621,0.6649697580971031,0.01635100288407293,0.2097445663771107,0.04845714569091797,48.45714569091797,observation.state.box_gripper.distance_m
4,132,2.200000047683716,0.6649313550726204,0.016307004377080603,0.20974034385154125,0.04845714569091797,48.45714569091797,observation.state.box_gripper.distance_m
4,133,2.2166666984558105,0.6647591136862407,0.01626921981141618,0.20967359279706807,0.04845714569091797,48.45714569091797,observation.state.box_gripper.distance_m
4,134,2.2333333492279053,0.6645644142595879,0.016243141288215912,0.2095957520512325,0.04845714569091797,48.45714569091797,observation.state.box_gripper.distance_m
4,135,2.25,0.6647691217418951,0.016236176453468348,0.20964372967130251,0.04845714569091797,48.45714569091797,observation.state.box_gripper.distance_m
4,136,2.2666666507720947,0.6649161544678742,0.016211424677808724,0.20967212353971987,0.04845714569091797,48.45714569091797,observation.state.box_gripper.distance_m
4,137,2.2833333015441895,0.6648887778916464,0.016134289171327518,0.2096416936889478,0.04845714569091797,48.45714569091797,observation.state.box_gripper.distance_m
4,138,2.299999952316284,0.6647141671847446,0.01601049114344235,0.20955924377622212,0.04845714569091797,48.45714569091797,observation.state.box_gripper.distance_m
4,139,2.316666603088379,0.6646515464973529,0.01588045596769984,0.20951629606909025,0.04845714569091797,48.45714569091797,observation.state.box_gripper.distance_m
4,140,2.3333332538604736,0.6647158615955617,0.01575785843368454,0.2095131193370164,0.04845714569091797,48.45714569091797,observation.state.box_gripper.distance_m
4,141,2.3499999046325684,0.664702409470897,0.015672963632445365,0.2094852133599718,0.04845714569091797,48.45714569091797,observation.state.box_gripper.distance_m
4,142,2.366666555404663,0.6648292245510475,0.015649392617150756,0.20949854578077,0.04845714569091797,48.45714569091797,observation.state.box_gripper.distance_m
4,143,2.383333444595337,0.6647353786782758,0.015641766892534444,0.20944836151168061,0.04845714569091797,48.45714569091797,observation.state.box_gripper.distance_m
4,144,2.4000000953674316,0.6648795099988531,0.015640578318723283,0.20947334287758648,0.04845714569091797,48.45714569091797,observation.state.box_gripper.distance_m
4,145,2.4166667461395264,0.6646806431166534,0.015539495849907402,0.20939490464937693,0.04845714569091797,48.45714569091797,observation.state.box_gripper.distance_m
4,146,2.433333396911621,0.6645703993009333,0.015485553850144135,0.2093427900302713,0.04845714569091797,48.45714569091797,observation.state.box_gripper.distance_m
4,147,2.450000047683716,0.6646607045044922,0.015462982179797913,0.20935396024593628,0.04845714569091797,48.45714569091797,observation.state.box_gripper.distance_m
4,148,2.4666666984558105,0.6649300712397762,0.01546171764565733,0.2094068127443746,0.04845714569091797,48.45714569091797,observation.state.box_gripper.distance_m
4,149,2.4833333492279053,0.6647542332100768,0.015284181845920477,0.20928838047645906,0.04845714569091797,48.45714569091797,observation.state.box_gripper.distance_m
4,150,2.5,0.6643546482341712,0.01505633980503349,0.20905670159183937,0.04845714569091797,48.45714569091797,observation.state.box_gripper.distance_m
4,151,2.5166666507720947,0.6637210038631671,0.014819545034117984,0.2087544482055072,0.04845714569091797,48.45714569091797,observation.state.box_gripper.distance_m
4,152,2.5333333015441895,0.66423780945192,0.014815843254556621,0.20894512727694892,0.04845714569091797,48.45714569091797,observation.state.box_gripper.distance_m
4,153,2.549999952316284,0.6645152905659045,0.014826534206462955,0.20907055989736165,0.04845714569091797,48.45714569091797,observation.state.box_gripper.distance_m
4,154,2.566666603088379,0.6645809844082556,0.014823920312773927,0.20910836969574664,0.04845714569091797,48.45714569091797,observation.state.box_gripper.distance_m
4,155,2.5833332538604736,0.6645647931253372,0.014830995237044675,0.20910537874352544,0.04845714569091797,48.45714569091797,observation.state.box_gripper.distance_m
4,156,2.5999999046325684,0.6645297427427286,0.01485165187397858,0.2090874510974812,0.04845714569091797,48.45714569091797,observation.state.box_gripper.distance_m
4,157,2.616666555404663,0.664510386200381,0.014888532537686435,0.20907882522336887,0.04845714569091797,48.45714569091797,observation.state.box_gripper.distance_m
4,158,2.633333444595337,0.664730054358293,0.014950127295117431,0.20914899522347458,0.04845714569091797,48.45714569091797,observation.state.box_gripper.distance_m
4,159,2.6500000953674316,0.6647520303563592,0.014979948751632917,0.20916464432580772,0.04845714569091797,48.45714569091797,observation.state.box_gripper.distance_m
4,160,2.6666667461395264,0.6648105308251167,0.014999914930123114,0.20918496096646744,0.04845714569091797,48.45714569091797,observation.state.box_gripper.distance_m
4,161,2.683333396911621,0.6648395946738254,0.015009955472978304,0.2091869094501094,0.04845714569091797,48.45714569091797,observation.state.box_gripper.distance_m
4,162,2.700000047683716,0.66480998315569,0.01503210644521666,0.2091678503998362,0.04845714569091797,48.45714569091797,observation.state.box_gripper.distance_m
4,163,2.7166666984558105,0.6648088296494662,0.01506518483933096,0.2091586490834576,0.04845714569091797,48.45714569091797,observation.state.box_gripper.distance_m
4,164,2.7333333492279053,0.6649020946403351,0.015119890142287823,0.20917405582825568,0.04845714569091797,48.45714569091797,observation.state.box_gripper.distance_m
4,165,2.75,0.6649382341049471,0.015205251653223553,0.20917281758904493,0.04845714569091797,48.45714569091797,observation.state.box_gripper.distance_m
4,166,2.7666666507720947,0.6649046043596275,0.015264984868061963,0.20914861316955513,0.04845714569091797,48.45714569091797,observation.state.box_gripper.distance_m
4,167,2.7833333015441895,0.6650071041823274,0.015291099771321802,0.20915603400250218,0.04845714569091797,48.45714569091797,observation.state.box_gripper.distance_m
4,168,2.799999952316284,0.6648688683771267,0.015273048804183202,0.20908404773324699,0.04845714569091797,48.45714569091797,observation.state.box_gripper.distance_m
4,169,2.816666603088379,0.6647717921750078,0.015218769298950167,0.20901707780503237,0.04845714569091797,48.45714569091797,observation.state.box_gripper.distance_m
4,170,2.8333332538604736,0.6648206063617126,0.015160683740125276,0.208994684024964,0.04845714569091797,48.45714569091797,observation.state.box_gripper.distance_m
4,171,2.8499999046325684,0.6647780696271898,0.015126453787076208,0.20895154361737203,0.04845714569091797,48.45714569091797,observation.state.box_gripper.distance_m
4,172,2.866666555404663,0.6648089129938128,0.015155705503089319,0.20893253470614262,0.04845714569091797,48.45714569091797,observation.state.box_gripper.distance_m
4,173,2.883333444595337,0.6649048381373595,0.01518899933305814,0.20893271216492149,0.04845714569091797,48.45714569091797,observation.state.box_gripper.distance_m
4,174,2.9000000953674316,0.6649240438583357,0.015217160769266611,0.2089090677337698,0.04845714569091797,48.45714569091797,observation.state.box_gripper.distance_m
4,175,2.9166667461395264,0.6650005457704145,0.015236307131777748,0.20889960150779302,0.04845714569091797,48.45714569091797,observation.state.box_gripper.distance_m
4,176,2.933333396911621,0.6650747331412564,0.015241998885838956,0.20887858476922605,0.04845714569091797,48.45714569091797,observation.state.box_gripper.distance_m
4,177,2.950000047683716,0.6650031372960998,0.015200665760941794,0.20880338344519825,0.04845714569091797,48.45714569091797,observation.state.box_gripper.distance_m
4,178,2.9666666984558105,0.6649428087705588,0.015123783826464813,0.20872328847683547,0.04845714569091797,48.45714569091797,observation.state.box_gripper.distance_m
4,179,2.9833333492279053,0.6650172507519682,0.015088638927926145,0.20868906826606295,0.04845714569091797,48.45714569091797,observation.state.box_gripper.distance_m
4,180,3.0,0.6650801411292895,0.015054373614126417,0.20865339843977684,0.04845714569091797,48.45714569091797,observation.state.box_gripper.distance_m
4,181,3.0166666507720947,0.6651365293026881,0.014988818146466076,0.20860573006167113,0.04845714569091797,48.45714569091797,observation.state.box_gripper.distance_m
4,182,3.0333333015441895,0.6650108752519083,0.01488733518410278,0.20847841095445901,0.04845714569091797,48.45714569091797,observation.state.box_gripper.distance_m
4,183,3.049999952316284,0.6641996653305408,0.014750548960620478,0.20811952265099287,0.04845714569091797,48.45714569091797,observation.state.box_gripper.distance_m
4,184,3.066666603088379,0.6641900070775474,0.014847539865942873,0.20807797719642182,0.04845714569091797,48.45714569091797,observation.state.box_gripper.distance_m
4,185,3.0833332538604736,0.6651841084282601,0.01517264308728913,0.208459093185061,0.04845714569091797,48.45714569091797,observation.state.box_gripper.distance_m
4,186,3.0999999046325684,0.665559488501009,0.015463745941330785,0.20862215074185378,0.04845714569091797,48.45714569091797,observation.state.box_gripper.distance_m
4,187,3.116666555404663,0.6655218569194122,0.01565506821551672,0.20863090007005727,0.04845714569091797,48.45714569091797,observation.state.box_gripper.distance_m
4,188,3.133333444595337,0.6656025974001573,0.015732431989392996,0.20868259864674957,0.04845714569091797,48.45714569091797,observation.state.box_gripper.distance_m
4,189,3.1500000953674316,0.6657272798386158,0.015737575240674005,0.20875343441073313,0.04845714569091797,48.45714569091797,observation.state.box_gripper.distance_m
4,190,3.1666667461395264,0.6657520438493731,0.015735849045967983,0.20879474758695316,0.04845714569091797,48.45714569091797,observation.state.box_gripper.distance_m
4,191,3.183333396911621,0.6657109798120053,0.01574903428246782,0.2087993176333509,0.04845714569091797,48.45714569091797,observation.state.box_gripper.distance_m
4,192,3.200000047683716,0.6657926853014711,0.015725909374572317,0.20882497094779534,0.04845714569091797,48.45714569091797,observation.state.box_gripper.distance_m
4,193,3.2166666984558105,0.6658034638318735,0.015686468655312584,0.2088281598734281,0.04845714569091797,48.45714569091797,observation.state.box_gripper.distance_m
4,194,3.2333333492279053,0.6657686419510848,0.01568365254759829,0.20881551650316688,0.04845714569091797,48.45714569091797,observation.state.box_gripper.distance_m
4,195,3.25,0.6657922063218988,0.015696778224633615,0.20882282834310686,0.04845714569091797,48.45714569091797,observation.state.box_gripper.distance_m
4,196,3.2666666507720947,0.6659082973423675,0.01568948485888209,0.20884832476520415,0.04845714569091797,48.45714569091797,observation.state.box_gripper.distance_m
4,197,3.2833333015441895,0.6659378929383171,0.015663131277569943,0.2088451354934308,0.04845714569091797,48.45714569091797,observation.state.box_gripper.distance_m
4,198,3.299999952316284,0.6658432285823742,0.01560129247811561,0.20879876930200023,0.04845714569091797,48.45714569091797,observation.state.box_gripper.distance_m
4,199,3.316666603088379,0.6658452324685596,0.01551080947678744,0.20878183166640563,0.04845714569091797,48.45714569091797,observation.state.box_gripper.distance_m
4,200,3.3333332538604736,0.6658196911387566,0.015432061324738823,0.2087629254977533,0.04845714569091797,48.45714569091797,observation.state.box_gripper.distance_m
4,201,3.3499999046325684,0.6657481489672579,0.015407156693094167,0.20873786156721644,0.04845714569091797,48.45714569091797,observation.state.box_gripper.distance_m
4,202,3.366666555404663,0.6657896078491813,0.0154211654961366,0.2087468494090788,0.04845714569091797,48.45714569091797,observation.state.box_gripper.distance_m
4,203,3.383333444595337,0.6658509649357222,0.015440884154461933,0.2087557425942859,0.04845714569091797,48.45714569091797,observation.state.box_gripper.distance_m
4,204,3.4000000953674316,0.6658692615017504,0.015466503300142175,0.2087480467087523,0.04845714569091797,48.45714569091797,observation.state.box_gripper.distance_m
4,205,3.4166667461395264,0.6657757904963314,0.01547251484944727,0.20871386043076828,0.04845714569091797,48.45714569091797,observation.state.box_gripper.distance_m
4,206,3.433333396911621,0.6657948228518381,0.015488008581156074,0.20871554862649624,0.04845714569091797,48.45714569091797,observation.state.box_gripper.distance_m
4,207,3.450000047683716,0.6658062849235753,0.01552214781546406,0.2087164683039995,0.04845714569091797,48.45714569091797,observation.state.box_gripper.distance_m
4,208,3.4666666984558105,0.6659140609922739,0.015540232939161552,0.20873413718755415,0.04845714569091797,48.45714569091797,observation.state.box_gripper.distance_m
4,209,3.4833333492279053,0.6658979567735868,0.015495639832175858,0.2087154625254935,0.04845714569091797,48.45714569091797,observation.state.box_gripper.distance_m
4,210,3.5,0.6658227643780394,0.01539732164843994,0.20868194347936525,0.04845714569091797,48.45714569091797,observation.state.box_gripper.distance_m
4,211,3.5166666507720947,0.6658563235381417,0.01526106542152942,0.20868328267568614,0.04845714569091797,48.45714569091797,observation.state.box_gripper.distance_m
4,212,3.5333333015441895,0.6659450079910022,0.01514571065021968,0.20869536547087378,0.04854809120297432,48.54809120297432,observation.state.box_gripper.distance_m
4,213,3.549999952316284,0.6660820406210659,0.015070391894491648,0.2087114284924358,0.04906201735138893,49.06201735138893,observation.state.box_gripper.distance_m
4,214,3.566666603088379,0.6663403948979745,0.015030178931272502,0.20874267241652145,0.04971843957901001,49.71843957901001,observation.state.box_gripper.distance_m
4,215,3.5833332538604736,0.6664860716505071,0.015023134531791433,0.20872387939828316,0.05034096539020538,50.34096539020538,observation.state.box_gripper.distance_m
4,216,3.5999999046325684,0.6666608995706997,0.015043638436007579,0.2086997031052299,0.05086096376180649,50.86096376180649,observation.state.box_gripper.distance_m
4,217,3.616666555404663,0.6665804330045212,0.01512015603465244,0.20859134026290588,0.05136353150010109,51.36353150010109,observation.state.box_gripper.distance_m
4,218,3.633333444595337,0.6666372213017204,0.015201580043284698,0.20851001079830725,0.051878202706575394,51.878202706575394,observation.state.box_gripper.distance_m
4,219,3.6500000953674316,0.6669548040700927,0.015306021714562155,0.20846706064754922,0.052404727786779404,52.404727786779404,observation.state.box_gripper.distance_m
4,220,3.6666667461395264,0.6670249117277587,0.01530788753537152,0.2082789806973498,0.052908994257450104,52.908994257450104,observation.state.box_gripper.distance_m
4,221,3.683333396911621,0.6668076136897166,0.015105361959219913,0.2079500873940761,0.053352802991867065,53.352802991867065,observation.state.box_gripper.distance_m
4,222,3.700000047683716,0.6668256482320594,0.014836302722824185,0.20769563842362943,0.05376093462109566,53.76093462109566,observation.state.box_gripper.distance_m
4,223,3.7166666984558105,0.6668479450437204,0.014550013139356168,0.20749183873786575,0.05410519987344742,54.10519987344742,observation.state.box_gripper.distance_m
4,224,3.7333333492279053,0.666825006412534,0.014348782910712225,0.2073312303311747,0.05438631772994995,54.38631772994995,observation.state.box_gripper.distance_m
4,225,3.75,0.6669501579062561,0.014250830654569694,0.20727032370245901,0.05462384596467018,54.62384596467018,observation.state.box_gripper.distance_m
4,226,3.7666666507720947,0.6670868452097936,0.014176132069473038,0.207251908995933,0.054794467985630035,54.794467985630035,observation.state.box_gripper.distance_m
4,227,3.7833333015441895,0.6669925288847653,0.014159126207635058,0.20721199054832723,0.05495530366897583,54.95530366897583,observation.state.box_gripper.distance_m
4,228,3.799999952316284,0.6668706962894344,0.014181003480082924,0.20720612576192432,0.05506864935159683,55.06864935159683,observation.state.box_gripper.distance_m
4,229,3.816666603088379,0.6667658582658372,0.01424568101755103,0.20723209980122664,0.05516299232840538,55.16299232840538,observation.state.box_gripper.distance_m
4,230,3.8333332538604736,0.6665712261859594,0.014270784928179308,0.20724314412084752,0.055252522230148315,55.252522230148315,observation.state.box_gripper.distance_m
4,231,3.8499999046325684,0.6664932050546577,0.014240761937283884,0.20728234960804606,0.055299606174230576,55.299606174230576,observation.state.box_gripper.distance_m
4,232,3.866666555404663,0.6664851599662043,0.014167903198808375,0.2073398784736197,0.05536547675728798,55.36547675728798,observation.state.box_gripper.distance_m
4,233,3.883333444595337,0.6665029033440719,0.014098092841536857,0.20739373207805303,0.05540309473872185,55.40309473872185,observation.state.box_gripper.distance_m
4,234,3.9000000953674316,0.6664446066264376,0.014060411773596527,0.20742131374864142,0.055426597595214844,55.426597595214844,observation.state.box_gripper.distance_m
4,235,3.9166667461395264,0.666338800289566,0.01406276002877204,0.207436422724289,0.055459488183259964,55.459488183259964,observation.state.box_gripper.distance_m
4,236,3.933333396911621,0.6663820473929443,0.01410348727410549,0.20749477353759305,0.055478278547525406,55.478278547525406,observation.state.box_gripper.distance_m
4,237,3.950000047683716,0.6664755412385914,0.014088761801337652,0.20757351441446667,0.055482976138591766,55.482976138591766,observation.state.box_gripper.distance_m
4,238,3.9666666984558105,0.6665795798413185,0.014030177093009246,0.20766797818964042,0.05550175905227661,55.50175905227661,observation.state.box_gripper.distance_m
4,239,3.9833333492279053,0.6665926162862357,0.01392168911717399,0.2077698200495417,0.055511150509119034,55.511150509119034,observation.state.box_gripper.distance_m
4,240,4.0,0.6667026612911708,0.013793442966369862,0.20793821540993943,0.055515848100185394,55.515848100185394,observation.state.box_gripper.distance_m
4,241,4.016666889190674,0.6667759111863203,0.01370198164790521,0.20812882867109644,0.055520541965961456,55.520541965961456,observation.state.box_gripper.distance_m
4,242,4.0333333015441895,0.6667427102013558,0.013680999323438948,0.2083032117699078,0.05552523583173752,55.52523583173752,observation.state.box_gripper.distance_m
4,243,4.050000190734863,0.6667482529531651,0.01367682793463339,0.20848868228832396,0.05564719811081886,55.64719811081886,observation.state.box_gripper.distance_m
4,244,4.066666603088379,0.6667347580000462,0.013617068614496438,0.20867054250242043,0.05602135881781578,56.02135881781578,observation.state.box_gripper.distance_m
4,245,4.083333492279053,0.6665867384756653,0.013451456802980195,0.2088168505972314,0.056704457849264145,56.704457849264145,observation.state.box_gripper.distance_m
4,246,4.099999904632568,0.6662838972733547,0.01320841055100209,0.20893063795990688,0.05777077376842499,57.77077376842499,observation.state.box_gripper.distance_m
4,247,4.116666793823242,0.6664556065493245,0.013017056268027145,0.20916402566482578,0.059284672141075134,59.284672141075134,observation.state.box_gripper.distance_m
4,248,4.133333206176758,0.666600025846336,0.012791384047469321,0.20941725346218953,0.061277858912944794,61.277858912944794,observation.state.box_gripper.distance_m
4,249,4.150000095367432,0.6666453297373569,0.012542309233184388,0.20965494586303834,0.06370813399553299,63.70813399553299,observation.state.box_gripper.distance_m
4,250,4.166666507720947,0.6665487452851587,0.0123211765412793,0.20984834170160682,0.06634251773357391,66.34251773357391,observation.state.box_gripper.distance_m
4,251,4.183333396911621,0.6663994237936869,0.012182523887346879,0.21001970745644488,0.06897097080945969,68.97097080945969,observation.state.box_gripper.distance_m
4,252,4.199999809265137,0.6660427062755813,0.012122300271084326,0.2101372954908168,0.07145123928785324,71.45123928785324,observation.state.box_gripper.distance_m
4,253,4.2166666984558105,0.6657171852985765,0.012262164927777867,0.2102937416547651,0.0737728402018547,73.7728402018547,observation.state.box_gripper.distance_m
4,254,4.233333110809326,0.6657567916159488,0.012609315253196557,0.210610626508214,0.07585572451353073,75.85572451353073,observation.state.box_gripper.distance_m
4,255,4.25,0.6656180055349398,0.01300898942551794,0.210934980441433,0.07770898938179016,77.70898938179016,observation.state.box_gripper.distance_m
4,256,4.266666889190674,0.6651844896462293,0.01338826516302077,0.21125692401897142,0.07935172319412231,79.35172319412231,observation.state.box_gripper.distance_m
4,257,4.2833333015441895,0.6652113122476276,0.013848539325496213,0.21176741778481611,0.08079470694065094,80.79470694065094,observation.state.box_gripper.distance_m
4,258,4.300000190734863,0.6654591045777896,0.01424829274636747,0.21234467947815752,0.0820292979478836,82.0292979478836,observation.state.box_gripper.distance_m
4,259,4.316666603088379,0.6653232555289691,0.014419938529940906,0.21285160797362906,0.08307777345180511,83.07777345180511,observation.state.box_gripper.distance_m
4,260,4.333333492279053,0.6654380960452949,0.014530802729690982,0.21349013134774034,0.08394525945186615,83.94525945186615,observation.state.box_gripper.distance_m
4,261,4.349999904632568,0.6655741537218612,0.014569465869457185,0.21417141934367825,0.08464732021093369,84.64732021093369,observation.state.box_gripper.distance_m
4,262,4.366666793823242,0.6655952198770962,0.014546057279066334,0.21480313033563359,0.08522315323352814,85.22315323352814,observation.state.box_gripper.distance_m
4,263,4.383333206176758,0.6653746819350367,0.014361955998821589,0.21531493250516018,0.08569835126399994,85.69835126399994,observation.state.box_gripper.distance_m
4,264,4.400000095367432,0.6653998334871388,0.01425384393280876,0.21583378291211217,0.08609877526760101,86.09877526760101,observation.state.box_gripper.distance_m
4,265,4.416666507720947,0.6652570815485924,0.014175248165219848,0.21622096809513397,0.08644424378871918,86.44424378871918,observation.state.box_gripper.distance_m
4,266,4.433333396911621,0.6651365988326196,0.014085948687128294,0.21653092402469834,0.08675243705511093,86.75243705511093,observation.state.box_gripper.distance_m
4,267,4.449999809265137,0.6649846259846771,0.014017390853487001,0.21675667370512092,0.0870351791381836,87.0351791381836,observation.state.box_gripper.distance_m
4,268,4.4666666984558105,0.6648118206774037,0.013985179584390469,0.21693118108308615,0.08730069547891617,87.30069547891617,observation.state.box_gripper.distance_m
4,269,4.483333110809326,0.6646172582695641,0.013901766320091895,0.21707143361823888,0.08756060153245926,87.56060153245926,observation.state.box_gripper.distance_m
4,270,4.5,0.6641996898614669,0.013698831514905611,0.21713811559841575,0.08780370652675629,87.80370652675629,observation.state.box_gripper.distance_m
4,271,4.516666889190674,0.6638473858082373,0.013452869272288958,0.21726897978287307,0.08800997585058212,88.00997585058212,observation.state.box_gripper.distance_m
4,272,4.5333333015441895,0.6634401272851246,0.013222923670141374,0.2174712954925969,0.08817791938781738,88.17791938781738,observation.state.box_gripper.distance_m
4,273,4.550000190734863,0.6630080321439522,0.013014986221381421,0.21776336895466006,0.08830993622541428,88.30993622541428,observation.state.box_gripper.distance_m
4,274,4.566666603088379,0.6624700086780071,0.012878887168731196,0.21813544118927417,0.08841216564178467,88.41216564178467,observation.state.box_gripper.distance_m
4,275,4.583333492279053,0.6621852845918144,0.012917503369588466,0.21870346680751918,0.08849101513624191,88.49101513624191,observation.state.box_gripper.distance_m
4,276,4.599999904632568,0.661656578525898,0.013044894128446439,0.2193104655448386,0.08855035901069641,88.55035901069641,observation.state.box_gripper.distance_m
4,277,4.616666793823242,0.661109054023297,0.01321105387068897,0.2200245185415051,0.08859626948833466,88.59626948833466,observation.state.box_gripper.distance_m
4,278,4.633333206176758,0.6605499297439285,0.013331357226594988,0.22085567656590113,0.08863141387701035,88.63141387701035,observation.state.box_gripper.distance_m
4,279,4.650000095367432,0.6600374410084353,0.013346192505583604,0.22180862907287732,0.08865684270858765,88.65684270858765,observation.state.box_gripper.distance_m
4,280,4.666666507720947,0.6589241275262893,0.01323465598039319,0.22269000634142083,0.08867768943309784,88.67768943309784,observation.state.box_gripper.distance_m
4,281,4.683333396911621,0.657444790508932,0.013043729444184722,0.2236195155216203,0.08869215846061707,88.69215846061707,observation.state.box_gripper.distance_m
4,282,4.699999809265137,0.656609884081204,0.012930850864495618,0.2250146554341204,0.08870425820350647,88.70425820350647,observation.state.box_gripper.distance_m
4,283,4.7166666984558105,0.6548172936013266,0.012567982689476634,0.22624347657078964,0.08871358633041382,88.71358633041382,observation.state.box_gripper.distance_m
4,284,4.733333110809326,0.6535950048116811,0.012275905000372957,0.22788351862691208,0.08871921896934509,88.71921896934509,observation.state.box_gripper.distance_m
4,285,4.75,0.6525565101662596,0.011990520744025663,0.22978896566213958,0.08872531354427338,88.72531354427338,observation.state.box_gripper.distance_m
4,286,4.766666889190674,0.6513360116200388,0.011689409441766909,0.2317939569239613,0.08872733265161514,88.72733265161514,observation.state.box_gripper.distance_m
4,287,4.7833333015441895,0.6500393423217199,0.011376050219985017,0.23387814983704838,0.08873235434293747,88.73235434293747,observation.state.box_gripper.distance_m
4,288,4.800000190734863,0.6485950197769462,0.010963104459757867,0.23596720437804172,0.08873335272073746,88.73335272073746,observation.state.box_gripper.distance_m
4,289,4.816666603088379,0.6470240522031698,0.010487227257355498,0.23803307660544204,0.08873534202575684,88.73534202575684,observation.state.box_gripper.distance_m
4,290,4.833333492279053,0.6454408450742376,0.010003916466430141,0.24010999862649515,0.08873584121465683,88.73584121465683,observation.state.box_gripper.distance_m
4,291,4.849999904632568,0.6439454907066647,0.009505029541979479,0.24224014522964155,0.08873683214187622,88.73683214187622,observation.state.box_gripper.distance_m
4,292,4.866666793823242,0.6428088887130455,0.008908687800904576,0.24448762197586174,0.08873783051967621,88.73783051967621,observation.state.box_gripper.distance_m
4,293,4.883333206176758,0.6402097740182261,0.00791433012238446,0.245822982965422,0.0887383222579956,88.7383222579956,observation.state.box_gripper.distance_m
4,294,4.900000095367432,0.6377985042851623,0.00688839544609203,0.24721211536978785,0.0887388214468956,88.7388214468956,observation.state.box_gripper.distance_m
4,295,4.916666507720947,0.6357037272753753,0.005956112902159393,0.2487511975651528,0.0887388214468956,88.7388214468956,observation.state.box_gripper.distance_m
4,296,4.933333396911621,0.634337716199576,0.005136873810345264,0.2505614506841931,0.0887398049235344,88.7398049235344,observation.state.box_gripper.distance_m
4,297,4.949999809265137,0.6320352252089633,0.004222424657192679,0.25186615182847116,0.0887398049235344,88.7398049235344,observation.state.box_gripper.distance_m
4,298,4.9666666984558105,0.6301202593033731,0.003468208487932082,0.2533391928841906,0.0887398049235344,88.7398049235344,observation.state.box_gripper.distance_m
4,299,4.983333110809326,0.6275936991456379,0.0026435086738418804,0.2546078135703712,0.0887398049235344,88.7398049235344,observation.state.box_gripper.distance_m
4,300,5.0,0.6256511557253183,0.001975022993200273,0.2561678856362439,0.08874030411243439,88.74030411243439,observation.state.box_gripper.distance_m
4,301,5.016666889190674,0.6231673344158772,0.0013160782351874043,0.2574707696599142,0.0887398049235344,88.7398049235344,observation.state.box_gripper.distance_m
4,302,5.0333333015441895,0.6205075003724554,0.0006444056201016373,0.25863869782771826,0.0887398049235344,88.7398049235344,observation.state.box_gripper.distance_m
4,303,5.050000190734863,0.6184940186160817,0.00012116167493517878,0.2600182542725773,0.0887398049235344,88.7398049235344,observation.state.box_gripper.distance_m
4,304,5.066666603088379,0.6158305847883646,-0.0002937239837755983,0.2610034471985338,0.0887398049235344,88.7398049235344,observation.state.box_gripper.distance_m
4,305,5.083333492279053,0.613368762992435,-0.000465368119198557,0.26201118833305365,0.08874030411243439,88.74030411243439,observation.state.box_gripper.distance_m
4,306,5.099999904632568,0.6111412097662288,-0.00038162863976019676,0.2630882967450169,0.0887398049235344,88.7398049235344,observation.state.box_gripper.distance_m
4,307,5.116666793823242,0.6093548647394005,-0.0001396907878338737,0.26432058112472834,0.0887398049235344,88.7398049235344,observation.state.box_gripper.distance_m
4,308,5.133333206176758,0.6073650157838744,0.00017467014967345032,0.26543993084201245,0.0887398049235344,88.7398049235344,observation.state.box_gripper.distance_m
4,309,5.150000095367432,0.6047291889832803,0.0005076852253813987,0.26623593100564436,0.0887398049235344,88.7398049235344,observation.state.box_gripper.distance_m
4,310,5.166666507720947,0.6024905596185136,0.0008838242541543557,0.26718543743252643,0.0887398049235344,88.7398049235344,observation.state.box_gripper.distance_m
4,311,5.183333396911621,0.6004312457252942,0.0013273535898155186,0.268189220732431,0.0887398049235344,88.7398049235344,observation.state.box_gripper.distance_m
4,312,5.199999809265137,0.5979530448251156,0.0019272850329215801,0.2689499438116502,0.0887398049235344,88.7398049235344,observation.state.box_gripper.distance_m
4,313,5.2166666984558105,0.595247366317727,0.0026892268801161833,0.269561830324207,0.08874030411243439,88.74030411243439,observation.state.box_gripper.distance_m
4,314,5.233333110809326,0.5928453789176229,0.003557699323795166,0.2701965015912248,0.0887398049235344,88.7398049235344,observation.state.box_gripper.distance_m
4,315,5.25,0.5906934411643525,0.004406486433535978,0.27084244971585003,0.0887398049235344,88.7398049235344,observation.state.box_gripper.distance_m
4,316,5.266666889190674,0.5881654486522838,0.005177851615897128,0.2712199929491643,0.0887398049235344,88.7398049235344,observation.state.box_gripper.distance_m
4,317,5.2833333015441895,0.5858352558061837,0.005876121308069549,0.2716093759055819,0.0887398049235344,88.7398049235344,observation.state.box_gripper.distance_m
4,318,5.300000190734863,0.5837823042397542,0.006636314802070047,0.27203777821139813,0.0887398049235344,88.7398049235344,observation.state.box_gripper.distance_m
4,319,5.316666603088379,0.5810468652260066,0.007420536564460104,0.2720488165591245,0.0887398049235344,88.7398049235344,observation.state.box_gripper.distance_m
4,320,5.333333492279053,0.5787904176094119,0.008261113267432339,0.27219552686315174,0.0887398049235344,88.7398049235344,observation.state.box_gripper.distance_m
4,321,5.349999904632568,0.5763580316750396,0.009063707531347312,0.27217868305971554,0.0887398049235344,88.7398049235344,observation.state.box_gripper.distance_m
4,322,5.366666793823242,0.5728304036988094,0.009759723869752424,0.27143238606733133,0.0887398049235344,88.7398049235344,observation.state.box_gripper.distance_m
4,323,5.383333206176758,0.5704899427135949,0.010436353022968605,0.2713742373401934,0.0887398049235344,88.7398049235344,observation.state.box_gripper.distance_m
4,324,5.400000095367432,0.5680522103512626,0.011098777329732386,0.27124879561165055,0.0887398049235344,88.7398049235344,observation.state.box_gripper.distance_m
4,325,5.416666507720947,0.5654883155083965,0.011860838586697514,0.27103818786596645,0.0887398049235344,88.7398049235344,observation.state.box_gripper.distance_m
4,326,5.433333396911621,0.5624619156481273,0.012682252589556145,0.2706040409721837,0.0887398049235344,88.7398049235344,observation.state.box_gripper.distance_m
4,327,5.449999809265137,0.5593525069336711,0.013394968566582918,0.2701390225719923,0.0887398049235344,88.7398049235344,observation.state.box_gripper.distance_m
4,328,5.4666666984558105,0.5561613317580849,0.013968132659017996,0.26968012305539096,0.0887398049235344,88.7398049235344,observation.state.box_gripper.distance_m
4,329,5.483333110809326,0.552383460885642,0.01441733300081019,0.26905273485031,0.0887398049235344,88.7398049235344,observation.state.box_gripper.distance_m
4,330,5.5,0.5493952891550457,0.014937734822470372,0.26894912942142823,0.0887398049235344,88.7398049235344,observation.state.box_gripper.distance_m
4,331,5.516666889190674,0.546852447243521,0.015510497374775981,0.26919239282856045,0.0887398049235344,88.7398049235344,observation.state.box_gripper.distance_m
4,332,5.5333333015441895,0.5447507641053415,0.016114232383779518,0.2697520629939737,0.0887398049235344,88.7398049235344,observation.state.box_gripper.distance_m
4,333,5.550000190734863,0.541900697260454,0.01672065879123307,0.2701210595489289,0.0887398049235344,88.7398049235344,observation.state.box_gripper.distance_m
4,334,5.566666603088379,0.5394565340563727,0.017313650445223955,0.2708530872312439,0.0887398049235344,88.7398049235344,observation.state.box_gripper.distance_m
4,335,5.583333492279053,0.5364817509998677,0.017876641280580682,0.2715372978776357,0.0887398049235344,88.7398049235344,observation.state.box_gripper.distance_m
4,336,5.599999904632568,0.53381799895618,0.018509139446236167,0.27256637932851896,0.0887398049235344,88.7398049235344,observation.state.box_gripper.distance_m
4,337,5.616666793823242,0.53177757996732,0.01922221237073151,0.2741374671654412,0.0887398049235344,88.7398049235344,observation.state.box_gripper.distance_m
4,338,5.633333206176758,0.5293784747318586,0.020024067433669357,0.2756723735520431,0.0887398049235344,88.7398049235344,observation.state.box_gripper.distance_m
4,339,5.650000095367432,0.5261518958661532,0.020831235770947264,0.2768720944631924,0.0887398049235344,88.7398049235344,observation.state.box_gripper.distance_m
4,340,5.666666507720947,0.5232848478176234,0.02147676714901663,0.2782419745757003,0.0887398049235344,88.7398049235344,observation.state.box_gripper.distance_m
4,341,5.683333396911621,0.5202105623702413,0.021987184138037894,0.2795621428578934,0.0887398049235344,88.7398049235344,observation.state.box_gripper.distance_m
4,342,5.699999809265137,0.5178912627063705,0.022431496012745446,0.2813437098649073,0.0887398049235344,88.7398049235344,observation.state.box_gripper.distance_m
4,343,5.7166666984558105,0.5155865229245522,0.022778293475483637,0.2831318648666397,0.0887398049235344,88.7398049235344,observation.state.box_gripper.distance_m
4,344,5.733333110809326,0.5121182915236461,0.02295415105208999,0.28410237463213994,0.0887398049235344,88.7398049235344,observation.state.box_gripper.distance_m
4,345,5.75,0.5087527457296106,0.022914645290114374,0.2849514761001018,0.0887398049235344,88.7398049235344,observation.state.box_gripper.distance_m
4,346,5.766666889190674,0.5061374366134044,0.02291434328995089,0.2860717798704521,0.0887398049235344,88.7398049235344,observation.state.box_gripper.distance_m
4,347,5.7833333015441895,0.5032425890789947,0.022893012349803003,0.2869484800658291,0.0887398049235344,88.7398049235344,observation.state.box_gripper.distance_m
4,348,5.800000190734863,0.5007559660964923,0.022958266281846437,0.28786396964722416,0.0887398049235344,88.7398049235344,observation.state.box_gripper.distance_m
4,349,5.816666603088379,0.49814399404039233,0.023051912716324785,0.2885827262876547,0.0887398049235344,88.7398049235344,observation.state.box_gripper.distance_m
4,350,5.833333492279053,0.4956635343278676,0.023077437249517777,0.2892045984189758,0.0887398049235344,88.7398049235344,observation.state.box_gripper.distance_m
4,351,5.849999904632568,0.4933657580088613,0.02302902433185135,0.2897992924415665,0.0887398049235344,88.7398049235344,observation.state.box_gripper.distance_m
4,352,5.866666793823242,0.49055731740324904,0.023279349211404878,0.2895618855076616,0.0887398049235344,88.7398049235344,observation.state.box_gripper.distance_m
4,353,5.883333206176758,0.4880881497233137,0.023256988416323694,0.289265810934359,0.0887398049235344,88.7398049235344,observation.state.box_gripper.distance_m
4,354,5.900000095367432,0.48609855197987684,0.022889626680211203,0.28900196402998607,0.0887398049235344,88.7398049235344,observation.state.box_gripper.distance_m
4,355,5.916666507720947,0.4842916353863154,0.02208975015671642,0.28862817512774824,0.0887398049235344,88.7398049235344,observation.state.box_gripper.distance_m
4,356,5.933333396911621,0.481781940585848,0.021483856307223832,0.2872256360502431,0.0887398049235344,88.7398049235344,observation.state.box_gripper.distance_m
4,357,5.949999809265137,0.47940200029458524,0.0206333379843748,0.285702831097138,0.0887398049235344,88.7398049235344,observation.state.box_gripper.distance_m
4,358,5.9666666984558105,0.47716283531642584,0.01954844949510456,0.28415724274688586,0.0887398049235344,88.7398049235344,observation.state.box_gripper.distance_m
4,359,5.983333110809326,0.47516905567978085,0.01835860486405684,0.2828013023476067,0.0887398049235344,88.7398049235344,observation.state.box_gripper.distance_m
4,360,6.0,0.4732370763737891,0.017116746187507904,0.2815571673552222,0.0887398049235344,88.7398049235344,observation.state.box_gripper.distance_m
4,361,6.016666889190674,0.471504489706386,0.015904126129453584,0.2804243754254863,0.0887398049235344,88.7398049235344,observation.state.box_gripper.distance_m
4,362,6.0333333015441895,0.47020228819805443,0.014747839957438473,0.2795453731598516,0.0887398049235344,88.7398049235344,observation.state.box_gripper.distance_m
4,363,6.050000190734863,0.46816202540640967,0.014110827102894687,0.27784273442531005,0.0887398049235344,88.7398049235344,observation.state.box_gripper.distance_m
4,364,6.066666603088379,0.4658541784066896,0.01342998202288051,0.2760334157394462,0.0887398049235344,88.7398049235344,observation.state.box_gripper.distance_m
4,365,6.083333492279053,0.463726430572795,0.01267092957065917,0.27442378357685476,0.0887398049235344,88.7398049235344,observation.state.box_gripper.distance_m
4,366,6.099999904632568,0.46133847338323564,0.011709761655105826,0.27285692353842106,0.0887398049235344,88.7398049235344,observation.state.box_gripper.distance_m
4,367,6.116666793823242,0.4592548394982936,0.010572333014288797,0.2716559607034559,0.0887398049235344,88.7398049235344,observation.state.box_gripper.distance_m
4,368,6.133333206176758,0.4575827369662212,0.0093625768690909,0.27090687586993484,0.0887398049235344,88.7398049235344,observation.state.box_gripper.distance_m
4,369,6.150000095367432,0.4555094860064542,0.008664803682416239,0.26988514309714356,0.0887398049235344,88.7398049235344,observation.state.box_gripper.distance_m
4,370,6.166666507720947,0.4535049527650191,0.008011455662556535,0.2691503779013599,0.0887398049235344,88.7398049235344,observation.state.box_gripper.distance_m
4,371,6.183333396911621,0.45182143259546226,0.007357148840977716,0.2687825796564102,0.0887398049235344,88.7398049235344,observation.state.box_gripper.distance_m
4,372,6.199999809265137,0.45028105712799166,0.006660385471612502,0.26860493364163757,0.0887398049235344,88.7398049235344,observation.state.box_gripper.distance_m
4,373,6.2166666984558105,0.44855597592231056,0.006109610012985969,0.26841204062925506,0.0887398049235344,88.7398049235344,observation.state.box_gripper.distance_m
4,374,6.233333110809326,0.447244710962902,0.005602780956831948,0.26843914397292973,0.0887398049235344,88.7398049235344,observation.state.box_gripper.distance_m
4,375,6.25,0.4458574971006821,0.005122778373672937,0.26843094725985356,0.0887398049235344,88.7398049235344,observation.state.box_gripper.distance_m
4,376,6.266666889190674,0.4447631509954879,0.00462427501498124,0.26841560771541184,0.0887398049235344,88.7398049235344,observation.state.box_gripper.distance_m
4,377,6.2833333015441895,0.44357354797896237,0.003980263725248589,0.2682382152180951,0.0887398049235344,88.7398049235344,observation.state.box_gripper.distance_m
4,378,6.300000190734863,0.44330353374973586,0.0030349725693691893,0.26836661738767015,0.0887398049235344,88.7398049235344,observation.state.box_gripper.distance_m
4,379,6.316666603088379,0.4462423909561971,0.0010332183327065193,0.27180332328263573,0.0887398049235344,88.7398049235344,observation.state.box_gripper.distance_m
4,380,6.333333492279053,0.4484050217173615,-0.00020052918339478703,0.27457456771125716,0.0887398049235344,88.7398049235344,observation.state.box_gripper.distance_m
4,381,6.349999904632568,0.4451448434914171,0.0007575184018512353,0.2712641732279212,0.0887398049235344,88.7398049235344,observation.state.box_gripper.distance_m
4,382,6.366666793823242,0.4409823248844604,0.002485818770505536,0.26732990945355395,0.0887398049235344,88.7398049235344,observation.state.box_gripper.distance_m
4,383,6.383333206176758,0.439629075302956,0.003208377812360906,0.2665884347116985,0.0887398049235344,88.7398049235344,observation.state.box_gripper.distance_m
4,384,6.400000095367432,0.43899763193963715,0.0034336747618109245,0.2662405588374259,0.0887398049235344,88.7398049235344,observation.state.box_gripper.distance_m
4,385,6.416666507720947,0.43859425855546585,0.003475440789346338,0.26598265336762644,0.0887398049235344,88.7398049235344,observation.state.box_gripper.distance_m
4,386,6.433333396911621,0.4383758548377663,0.0035059382696753304,0.2657862717966845,0.0887398049235344,88.7398049235344,observation.state.box_gripper.distance_m
4,387,6.449999809265137,0.4381203843676241,0.0035832282291583667,0.26559034605093773,0.0887398049235344,88.7398049235344,observation.state.box_gripper.distance_m
4,388,6.4666666984558105,0.43794731215043725,0.003871728372238473,0.2654779542854207,0.0887398049235344,88.7398049235344,observation.state.box_gripper.distance_m
4,389,6.483333110809326,0.43789548901599346,0.004280342697646414,0.2654330688902039,0.0887398049235344,88.7398049235344,observation.state.box_gripper.distance_m
4,390,6.5,0.43778499357618655,0.004722614463580231,0.26534865983003236,0.0887398049235344,88.7398049235344,observation.state.box_gripper.distance_m
4,391,6.516666889190674,0.4376583015070565,0.005276286095978186,0.2652605039993008,0.0887398049235344,88.7398049235344,observation.state.box_gripper.distance_m
4,392,6.5333333015441895,0.437361098276045,0.005938335128977339,0.2651064437176388,0.0887398049235344,88.7398049235344,observation.state.box_gripper.distance_m
4,393,6.550000190734863,0.4373098014360063,0.006693887565042092,0.26506526967504973,0.0887398049235344,88.7398049235344,observation.state.box_gripper.distance_m
4,394,6.566666603088379,0.4371490504828516,0.00740786895908483,0.2649613780199827,0.0887398049235344,88.7398049235344,observation.state.box_gripper.distance_m
4,395,6.583333492279053,0.4370325733273437,0.00798157837323332,0.2648156489224141,0.0887398049235344,88.7398049235344,observation.state.box_gripper.distance_m
4,396,6.599999904632568,0.43665613724605845,0.008398882363673954,0.2644571766582239,0.0887398049235344,88.7398049235344,observation.state.box_gripper.distance_m
4,397,6.616666793823242,0.43636451268918325,0.008849635882789569,0.26408196137390155,0.0887398049235344,88.7398049235344,observation.state.box_gripper.distance_m
4,398,6.633333206176758,0.4360640201935849,0.00936550808508819,0.2636597166084227,0.0887398049235344,88.7398049235344,observation.state.box_gripper.distance_m
4,399,6.650000095367432,0.43581975239478593,0.009918159302608393,0.26322619153574084,0.0887398049235344,88.7398049235344,observation.state.box_gripper.distance_m
4,400,6.666666507720947,0.43558534865837917,0.010434120860358092,0.2627803676296414,0.0887398049235344,88.7398049235344,observation.state.box_gripper.distance_m
4,401,6.683333396911621,0.4351769076992155,0.010854639445463684,0.2622465508787051,0.0887398049235344,88.7398049235344,observation.state.box_gripper.distance_m
4,402,6.699999809265137,0.4347101705225477,0.011195358206155767,0.26166777689594933,0.0887398049235344,88.7398049235344,observation.state.box_gripper.distance_m
4,403,6.7166666984558105,0.43408836016304536,0.01141271024221955,0.26102991426251904,0.0887398049235344,88.7398049235344,observation.state.box_gripper.distance_m
4,404,6.733333110809326,0.43385118230223785,0.011583221224341014,0.26061133368295714,0.0887398049235344,88.7398049235344,observation.state.box_gripper.distance_m
4,405,6.75,0.43370327785818746,0.011779396007122607,0.2602296788312822,0.0887398049235344,88.7398049235344,observation.state.box_gripper.distance_m
4,406,6.766666889190674,0.4331298067721016,0.011878843835449768,0.2596144730820116,0.0887398049235344,88.7398049235344,observation.state.box_gripper.distance_m
4,407,6.7833333015441895,0.43285211690553427,0.011915081031895557,0.2591272877394366,0.0887398049235344,88.7398049235344,observation.state.box_gripper.distance_m
4,408,6.800000190734863,0.43276242906440526,0.011841671127944708,0.25870366155293123,0.0887398049235344,88.7398049235344,observation.state.box_gripper.distance_m
4,409,6.816666603088379,0.43227873116193166,0.011737255465837182,0.25803907685207234,0.0887398049235344,88.7398049235344,observation.state.box_gripper.distance_m
4,410,6.833333492279053,0.43206700592397074,0.011600484927967775,0.2574338775028314,0.0887398049235344,88.7398049235344,observation.state.box_gripper.distance_m
4,411,6.849999904632568,0.43210514358822044,0.011408166217251107,0.25690126558264137,0.0887398049235344,88.7398049235344,observation.state.box_gripper.distance_m
4,412,6.866666793823242,0.4322472464587677,0.01119167374165534,0.25635403169542503,0.0887398049235344,88.7398049235344,observation.state.box_gripper.distance_m
4,413,6.883333206176758,0.4321944002837417,0.01093758743518715,0.25566649657002993,0.0887398049235344,88.7398049235344,observation.state.box_gripper.distance_m
